Test Statistic,p-value,#lags used,number of observations used,Data,critical value (1%),critical value (5%),critical value (10%)
-0.9023896254019101,0.7871844611164659,4.0,102.0,CA Residents,-3.4961490537199116,-2.8903209639580556,-2.5821223452518263
0.6275936580545439,0.9882763817113779,4.0,102.0,CA Staff,-3.4961490537199116,-2.8903209639580556,-2.5821223452518263
-0.07507775989574574,0.9518649988222702,2.0,104.0,WA Residents,-3.4948504603223145,-2.889758398668639,-2.5818220155325444
0.8120202109778081,0.9918277398628742,5.0,101.0,WA Staff,-3.4968181663902103,-2.8906107514600103,-2.5822770483285953
