Test Statistic,p-value,#lags used,number of observations used,Data,critical value (1%),critical value (5%),critical value (10%)
-4.188860483834054,0.0006881000017892705,3.0,102.0,CA Residents,-3.4961490537199116,-2.8903209639580556,-2.5821223452518263
-4.370493486628854,0.0003346312487724213,3.0,102.0,CA Staff,-3.4961490537199116,-2.8903209639580556,-2.5821223452518263
-4.398109415696298,0.0002991278205306232,1.0,104.0,WA Residents,-3.4948504603223145,-2.889758398668639,-2.5818220155325444
-3.1797212352276514,0.02118891166242522,4.0,101.0,WA Staff,-3.4968181663902103,-2.8906107514600103,-2.5822770483285953
